{"cameraMode":{"drawMode":0,"name":"Shaded","section":"Shading Mode"},"sceneLighting":false,"audioPlay":false,"sceneViewState":{"m_AlwaysRefresh":false,"showFog":true,"showSkybox":false,"showFlares":true,"showImageEffects":true,"showParticleSystems":true,"showVisualEffectGraphs":true,"m_FxEnabled":true},"in2DMode":false,"pivot":{"x":0.005362749099731445,"y":1.4296584129333497,"z":6.9063825607299809},"rotation":{"x":-0.20115624368190766,"y":0.6420585513114929,"z":-0.1799822896718979,"w":-0.7175752520561218},"size":1.9418832063674927,"orthographic":false}