{"cameraMode":{"drawMode":0,"name":"Shaded","section":"Shading Mode"},"sceneLighting":false,"audioPlay":false,"sceneViewState":{"m_AlwaysRefresh":false,"showFog":true,"showSkybox":false,"showFlares":true,"showImageEffects":true,"showParticleSystems":true,"showVisualEffectGraphs":true,"m_FxEnabled":true},"in2DMode":false,"pivot":{"x":3.9284329414367677,"y":-5.17785120010376,"z":-159.6383819580078},"rotation":{"x":0.0006699696532450616,"y":0.9999693036079407,"z":-0.018301578238606454,"w":0.011890223249793053},"size":81.46499633789063,"orthographic":false}