{"cameraMode":{"drawMode":0,"name":"Shaded","section":"Shading Mode"},"sceneLighting":false,"audioPlay":false,"sceneViewState":{"m_AlwaysRefresh":false,"showFog":true,"showSkybox":false,"showFlares":true,"showImageEffects":true,"showParticleSystems":true,"showVisualEffectGraphs":true,"m_FxEnabled":true},"in2DMode":false,"pivot":{"x":0.29346176981925967,"y":-0.05126584321260452,"z":-0.31199753284454348},"rotation":{"x":-0.016794050112366678,"y":-0.9758880138397217,"z":0.07795009762048722,"w":-0.2041981965303421},"size":1.6332921981811524,"orthographic":false}